{
	"name": "Game Backend Apis",
	"version": "1.0.0",
	"description": "Game Mobile Application. The main functionality of the application is to provide online Roadside Assistance Services and Product Marketplace also, Service Provider gives a closed platform to all the Service Provider associated with Game for providing services online. Online Application for iPhone and Android. and the base URL for accessing APIs : http://153.92.4.13:8585",
	"sampleUrl": false,
	"defaultVersion": "0.0.0",
	"apidoc": "0.3.0",
	"generator": {
		"name": "apidoc",
		"time": "2023-12-29T07:30:51.717Z",
		"url": "https://apidocjs.com",
		"version": "0.29.0"
	}
}
